task_id,passed_runs,avg_trial_duration_seconds,avg_agent_duration_seconds,avg_input_tokens,avg_output_tokens,avg_total_input_output_tokens,avg_cache_tokens,avg_peak_context_tokens,avg_steps,avg_cost_usd
true-myth-iterable-collection-combinators,79,1237.1224305063288,1202.7438569113922,6015299.215189873,55659.94936708861,6070959.164556962,5220977.873417721,145120.93670886077,71.77215189873418,3.940388550886075
happy-dom-abort-pending-body-reads,76,1707.517404868421,1672.2350075921051,12053652.75,66884.27631578948,12120537.02631579,10979164.657894736,197973.51315789475,106.53947368421052,7.318819813009865
wazero-multi-module-snapshots,60,1078.2564734666664,1052.8524134166664,1571888.9,45731.25,1617620.15,1242740.5833333333,67720.53333333334,39.5,1.7387828100416665
psd-tools-blend-range-api,61,1163.6463250983604,1124.236065295082,4466862.393442623,46960.59016393442,4513822.983606557,3869057.2131147543,101392.16393442624,72.11475409836065,3.285117148790985
ytt-jsonpath-query-api,63,1193.3470393174603,1169.6954176984127,2650083.1587301586,54247.555555555555,2704330.714285714,2261598.492063492,88416.11111111111,47.507936507936506,2.6080842004761897
OVERALL,339,1293.10522860177,1261.200535032449,5678564.678466077,54591.174041297934,5733155.852507374,5014546.890855458,124864.04129793511,69.40707964601769,3.94262365963864
